filename,target
6.js,0
7.js,0
3.js,0
25.js,0
40.js,0
8.js,0
35.js,0
21.js,0
31.js,0
14.js,0
45.js,0
20.js,0
30.js,0
24.js,0
41.js,0
9.js,0
34.js,0
46.js,0
23.js,0
33.js,0
27.js,0
13.js,0
42.js,0
37.js,0
12.js,0
43.js,0
36.js,0
47.js,0
16.js,0
32.js,0
29.js,0
4.js,0
39.js,0
19.js,0
48.js,0
18.js,0
49.js,0
1.js,0
5.js,0
38.js,0
2.js,0
6.js,0
7.js,0
3.js,0
25.js,0
40.js,0
11.js,0
8.js,0
35.js,0
15.js,0
44.js,0
21.js,0
31.js,0
14.js,0
20.js,0
30.js,0
24.js,0
41.js,0
10.js,0
9.js,0
34.js,0
17.js,0
23.js,0
33.js,0
27.js,0
13.js,0
42.js,0
37.js,0
26.js,0
12.js,0
43.js,0
36.js,0
16.js,0
22.js,0
32.js,0
29.js,0
4.js,0
39.js,0
19.js,0
18.js,0
1.js,0
28.js,0
5.js,0
38.js,0
2.js,0
6.js,0
7.js,0
3.js,0
25.js,0
11.js,0
8.js,0
15.js,0
14.js,0
24.js,0
10.js,0
9.js,0
13.js,0
12.js,0
22.js,0
4.js,0
1.js,0
5.js,0
2.js,0
6.js,0
7.js,0
3.js,0
25.js,0
74.js,0
40.js,0
11.js,0
50.js,0
8.js,0
64.js,0
35.js,0
15.js,0
44.js,0
70.js,0
21.js,0
31.js,0
60.js,0
54.js,0
14.js,0
45.js,0
71.js,0
20.js,0
30.js,0
61.js,0
55.js,0
24.js,0
75.js,0
41.js,0
10.js,0
51.js,0
9.js,0
65.js,0
34.js,0
46.js,0
17.js,0
23.js,0
72.js,0
62.js,0
33.js,0
56.js,0
76.js,0
27.js,0
13.js,0
42.js,0
52.js,0
37.js,0
66.js,0
26.js,0
12.js,0
43.js,0
53.js,0
36.js,0
67.js,0
47.js,0
16.js,0
22.js,0
73.js,0
63.js,0
32.js,0
57.js,0
29.js,0
4.js,0
68.js,0
39.js,0
19.js,0
48.js,0
58.js,0
18.js,0
49.js,0
59.js,0
1.js,0
28.js,0
5.js,0
69.js,0
38.js,0
2.js,0
107.js,0
6.js,0
103.js,0
3.js,0
106.js,0
25.js,0
74.js,0
40.js,0
11.js,0
8.js,0
64.js,0
70.js,0
119.js,0
31.js,0
60.js,0
14.js,0
71.js,0
30.js,0
61.js,0
55.js,0
41.js,0
10.js,0
9.js,0
65.js,0
34.js,0
72.js,0
62.js,0
33.js,0
27.js,0
52.js,0
37.js,0
66.js,0
26.js,0
67.js,0
16.js,0
73.js,0
63.js,0
32.js,0
57.js,0
29.js,0
68.js,0
39.js,0
58.js,0
105.js,0
49.js,0
59.js,0
1.js,0
104.js,0
28.js,0
5.js,0
69.js,0
38.js,0
100.js,0
2.js,0
6.js,0
7.js,0
3.js,0
11.js,0
8.js,0
10.js,0
9.js,0
12.js,0
4.js,0
1.js,0
5.js,0
2.js,0
6.js,0
7.js,0
3.js,0
25.js,0
40.js,0
11.js,0
8.js,0
35.js,0
15.js,0
21.js,0
31.js,0
14.js,0
20.js,0
30.js,0
24.js,0
41.js,0
10.js,0
9.js,0
34.js,0
17.js,0
23.js,0
33.js,0
27.js,0
13.js,0
42.js,0
37.js,0
26.js,0
12.js,0
36.js,0
16.js,0
22.js,0
29.js,0
4.js,0
39.js,0
19.js,0
18.js,0
1.js,0
28.js,0
5.js,0
38.js,0
6.js,0
7.js,0
40.js,0
11.js,0
64.js,0
35.js,0
15.js,0
44.js,0
70.js,0
21.js,0
60.js,0
14.js,0
71.js,0
20.js,0
61.js,0
9.js,0
65.js,0
17.js,0
72.js,0
62.js,0
66.js,0
12.js,0
53.js,0
36.js,0
67.js,0
16.js,0
22.js,0
63.js,0
4.js,0
68.js,0
19.js,0
58.js,0
5.js,0
69.js,0
2.js,0
6.js,0
7.js,0
3.js,0
11.js,0
8.js,0
10.js,0
9.js,0
13.js,0
12.js,0
4.js,0
1.js,0
5.js,0
2.js,0
6.js,0
7.js,0
3.js,0
25.js,0
40.js,0
11.js,0
8.js,0
35.js,0
15.js,0
44.js,0
21.js,0
31.js,0
14.js,0
20.js,0
30.js,0
24.js,0
41.js,0
10.js,0
9.js,0
34.js,0
17.js,0
23.js,0
33.js,0
27.js,0
13.js,0
42.js,0
37.js,0
26.js,0
12.js,0
43.js,0
36.js,0
16.js,0
22.js,0
32.js,0
29.js,0
4.js,0
39.js,0
19.js,0
18.js,0
1.js,0
28.js,0
5.js,0
38.js,0
1.js,0
335.js,0
275.js,0
364.js,0
224.js,0
117.js,0
181.js,0
241.js,0
301.js,0
488.js,0
608.js,0
599.js,0
618.js,0
2.js,0
234.js,0
214.js,0
344.js,0
244.js,0
215.js,0
355.js,0
392.js,0
205.js,0
225.js,0
211.js,0
300.js,0
598.js,0
609.js,0
619.js,0
310.js,0
375.js,0
25.js,0
414.js,0
560.js,0
593.js,0
612.js,0
583.js,0
521.js,0
430.js,0
626.js,0
404.js,0
475.js,0
606.js,0
501.js,0
441.js,0
298.js,0
622.js,0
511.js,0
31.js,0
616.js,0
574.js,0
465.js,0
474.js,0
607.js,0
551.js,0
411.js,0
440.js,0
118.js,0
623.js,0
401.js,0
61.js,0
617.js,0
586.js,0
55.js,0
524.js,0
504.js,0
555.js,0
421.js,0
10.js,0
603.js,0
592.js,0
582.js,0
613.js,0
493.js,0
520.js,0
9.js,0
514.js,0
484.js,0
604.js,0
17.js,0
503.js,0
279.js,0
329.js,0
513.js,0
620.js,0
585.js,0
614.js,0
591.js,0
480.js,0
562.js,0
42.js,0
249.js,0
309.js,0
218.js,0
199.js,0
319.js,0
523.js,0
463.js,0
490.js,0
66.js,0
624.js,0
472.js,0
12.js,0
219.js,0
188.js,0
318.js,0
491.js,0
580.js,0
456.js,0
36.js,0
547.js,0
625.js,0
594.js,0
605.js,0
413.js,0
338.js,0
278.js,0
229.js,0
328.js,0
403.js,0
63.js,0
621.js,0
615.js,0
216.js,0
356.js,0
307.js,0
548.js,0
459.js,0
290.js,0
346.js,0
135.js,0
395.js,0
366.js,0
337.js,0
243.js,0
438.js,0
529.js,0
193.js,0
202.js,0
376.js,0
394.js,0
367.js,0
171.js,0
353.js,0
18.js,0
1.js,0
252.js,0
326.js,0
384.js,0
175.js,0
217.js,0
141.js,0
448.js,0
549.js,0
458.js,0
373.js,0
316.js,0
347.js,0
165.js,0
2.js,0
6.js,0
7.js,0
3.js,0
25.js,0
11.js,0
8.js,0
15.js,0
21.js,0
31.js,0
14.js,0
20.js,0
24.js,0
10.js,0
9.js,0
17.js,0
23.js,0
27.js,0
13.js,0
26.js,0
12.js,0
16.js,0
22.js,0
29.js,0
4.js,0
19.js,0
18.js,0
1.js,0
28.js,0
5.js,0
2.js,0
6.js,0
7.js,0
3.js,0
25.js,0
11.js,0
8.js,0
15.js,0
14.js,0
20.js,0
24.js,0
10.js,0
9.js,0
17.js,0
27.js,0
26.js,0
12.js,0
16.js,0
22.js,0
4.js,0
19.js,0
18.js,0
1.js,0
28.js,0
5.js,0
2.js,0
3.js,0
11.js,0
15.js,0
14.js,0
10.js,0
17.js,0
13.js,0
12.js,0
16.js,0
4.js,0
1.js,0
5.js,0
123.js,0
2.js,0
6.js,0
7.js,0
122.js,0
11.js,0
8.js,0
21.js,0
20.js,0
24.js,0
10.js,0
23.js,0
72.js,0
12.js,0
22.js,0
115.js,0
121.js,0
114.js,0
120.js,0
1.js,0
2.js,0
6.js,0
7.js,0
3.js,0
4.js,0
1.js,0
5.js,0
2.js,0
107.js,0
89.js,0
99.js,0
103.js,0
88.js,0
98.js,0
7.js,0
102.js,0
106.js,0
25.js,0
74.js,0
87.js,0
40.js,0
11.js,0
50.js,0
8.js,0
97.js,0
64.js,0
35.js,0
15.js,0
44.js,0
70.js,0
21.js,0
83.js,0
93.js,0
31.js,0
60.js,0
54.js,0
14.js,0
45.js,0
71.js,0
20.js,0
82.js,0
92.js,0
30.js,0
61.js,0
55.js,0
24.js,0
75.js,0
86.js,0
41.js,0
10.js,0
9.js,0
96.js,0
65.js,0
34.js,0
46.js,0
17.js,0
81.js,0
23.js,0
72.js,0
62.js,0
33.js,0
91.js,0
56.js,0
85.js,0
76.js,0
27.js,0
13.js,0
42.js,0
52.js,0
66.js,0
95.js,0
84.js,0
77.js,0
26.js,0
12.js,0
43.js,0
53.js,0
36.js,0
67.js,0
94.js,0
47.js,0
16.js,0
22.js,0
73.js,0
63.js,0
32.js,0
90.js,0
57.js,0
29.js,0
78.js,0
68.js,0
39.js,0
101.js,0
19.js,0
48.js,0
58.js,0
105.js,0
18.js,0
49.js,0
59.js,0
1.js,0
104.js,0
28.js,0
79.js,0
69.js,0
38.js,0
100.js,0
2.js,0
6.js,0
7.js,0
3.js,0
11.js,0
8.js,0
15.js,0
21.js,0
14.js,0
20.js,0
10.js,0
9.js,0
17.js,0
13.js,0
12.js,0
16.js,0
22.js,0
19.js,0
18.js,0
1.js,0
5.js,0
2.js,0
89.js,0
6.js,0
88.js,0
7.js,0
3.js,0
25.js,0
74.js,0
87.js,0
40.js,0
11.js,0
50.js,0
8.js,0
64.js,0
35.js,0
15.js,0
44.js,0
70.js,0
21.js,0
83.js,0
31.js,0
60.js,0
54.js,0
14.js,0
45.js,0
71.js,0
20.js,0
82.js,0
30.js,0
61.js,0
55.js,0
24.js,0
75.js,0
86.js,0
41.js,0
10.js,0
51.js,0
9.js,0
65.js,0
34.js,0
46.js,0
17.js,0
81.js,0
23.js,0
72.js,0
62.js,0
33.js,0
56.js,0
85.js,0
76.js,0
27.js,0
13.js,0
42.js,0
52.js,0
66.js,0
84.js,0
77.js,0
26.js,0
12.js,0
43.js,0
53.js,0
36.js,0
67.js,0
47.js,0
16.js,0
80.js,0
22.js,0
73.js,0
63.js,0
32.js,0
90.js,0
57.js,0
29.js,0
78.js,0
4.js,0
68.js,0
39.js,0
19.js,0
48.js,0
58.js,0
18.js,0
49.js,0
59.js,0
1.js,0
28.js,0
79.js,0
5.js,0
69.js,0
38.js,0
181.js,0
2.js,0
156.js,0
6.js,0
152.js,0
103.js,0
195.js,0
184.js,0
7.js,0
153.js,0
102.js,0
180.js,0
3.js,0
11.js,0
178.js,0
8.js,0
35.js,0
15.js,0
109.js,0
54.js,0
14.js,0
20.js,0
61.js,0
55.js,0
10.js,0
179.js,0
65.js,0
56.js,0
13.js,0
52.js,0
12.js,0
198.js,0
53.js,0
67.js,0
16.js,0
73.js,0
57.js,0
174.js,0
187.js,0
4.js,0
101.js,0
183.js,0
19.js,0
58.js,0
59.js,0
1.js,0
186.js,0
5.js,0
100.js,0
151.js,0
207.js,0
2.js,0
6.js,0
7.js,0
3.js,0
25.js,0
11.js,0
8.js,0
15.js,0
21.js,0
14.js,0
20.js,0
30.js,0
24.js,0
10.js,0
9.js,0
17.js,0
23.js,0
27.js,0
13.js,0
26.js,0
12.js,0
16.js,0
22.js,0
29.js,0
4.js,0
19.js,0
18.js,0
1.js,0
28.js,0
5.js,0
6.js,0
3.js,0
11.js,0
8.js,0
10.js,0
12.js,0
19.js,0
2.js,0
107.js,0
89.js,0
99.js,0
6.js,0
103.js,0
88.js,0
98.js,0
7.js,0
102.js,0
3.js,0
106.js,0
25.js,0
74.js,0
87.js,0
40.js,0
11.js,0
50.js,0
8.js,0
97.js,0
64.js,0
35.js,0
15.js,0
44.js,0
70.js,0
83.js,0
109.js,0
93.js,0
31.js,0
60.js,0
54.js,0
14.js,0
45.js,0
71.js,0
20.js,0
82.js,0
108.js,0
92.js,0
30.js,0
61.js,0
55.js,0
75.js,0
86.js,0
41.js,0
10.js,0
51.js,0
9.js,0
96.js,0
65.js,0
46.js,0
17.js,0
81.js,0
23.js,0
72.js,0
62.js,0
33.js,0
91.js,0
56.js,0
85.js,0
76.js,0
27.js,0
13.js,0
42.js,0
52.js,0
37.js,0
66.js,0
95.js,0
84.js,0
77.js,0
12.js,0
43.js,0
53.js,0
36.js,0
67.js,0
94.js,0
47.js,0
16.js,0
80.js,0
22.js,0
73.js,0
63.js,0
90.js,0
57.js,0
29.js,0
78.js,0
4.js,0
68.js,0
39.js,0
101.js,0
19.js,0
48.js,0
58.js,0
105.js,0
18.js,0
49.js,0
59.js,0
1.js,0
104.js,0
110.js,0
79.js,0
5.js,0
69.js,0
38.js,0
100.js,0
1.js,0
117.js,0
162.js,0
107.js,0
176.js,0
127.js,0
271.js,0
393.js,0
6.js,0
152.js,0
383.js,0
292.js,0
103.js,0
166.js,0
344.js,0
204.js,0
215.js,0
355.js,0
330.js,0
7.js,0
102.js,0
260.js,0
320.js,0
194.js,0
334.js,0
274.js,0
365.js,0
225.js,0
180.js,0
211.js,0
351.js,0
173.js,0
250.js,0
341.js,0
201.js,0
190.js,0
106.js,0
386.js,0
264.js,0
25.js,0
87.js,0
11.js,0
50.js,0
8.js,0
35.js,0
15.js,0
44.js,0
21.js,0
288.js,0
119.js,0
148.js,0
109.js,0
31.js,0
54.js,0
14.js,0
45.js,0
71.js,0
20.js,0
159.js,0
299.js,0
30.js,0
61.js,0
55.js,0
24.js,0
41.js,0
10.js,0
128.js,0
169.js,0
138.js,0
51.js,0
9.js,0
34.js,0
46.js,0
17.js,0
23.js,0
62.js,0
33.js,0
56.js,0
85.js,0
27.js,0
13.js,0
42.js,0
309.js,0
218.js,0
358.js,0
348.js,0
208.js,0
52.js,0
37.js,0
66.js,0
77.js,0
26.js,0
43.js,0
53.js,0
36.js,0
94.js,0
47.js,0
16.js,0
22.js,0
278.js,0
369.js,0
229.js,0
239.js,0
379.js,0
32.js,0
57.js,0
125.js,0
187.js,0
111.js,0
362.js,0
222.js,0
29.js,0
39.js,0
232.js,0
372.js,0
323.js,0
101.js,0
257.js,0
197.js,0
337.js,0
243.js,0
183.js,0
19.js,0
48.js,0
58.js,0
313.js,0
253.js,0
131.js,0
267.js,0
327.js,0
236.js,0
376.js,0
105.js,0
285.js,0
145.js,0
302.js,0
18.js,0
49.js,0
59.js,0
1.js,0
130.js,0
155.js,0
295.js,0
104.js,0
124.js,0
246.js,0
306.js,0
390.js,0
141.js,0
281.js,0
28.js,0
79.js,0
5.js,0
100.js,0
316.js,0
134.js,0
2.js,0
6.js,0
7.js,0
3.js,0
11.js,0
8.js,0
15.js,0
14.js,0
10.js,0
9.js,0
13.js,0
12.js,0
4.js,0
1.js,0
5.js,0
123.js,0
2.js,0
127.js,0
6.js,0
103.js,0
126.js,0
112.js,0
88.js,0
98.js,0
7.js,0
102.js,0
116.js,0
3.js,0
25.js,0
74.js,0
40.js,0
11.js,0
129.js,0
50.js,0
8.js,0
97.js,0
64.js,0
35.js,0
15.js,0
44.js,0
70.js,0
21.js,0
119.js,0
93.js,0
31.js,0
60.js,0
54.js,0
14.js,0
45.js,0
71.js,0
20.js,0
82.js,0
92.js,0
30.js,0
61.js,0
55.js,0
24.js,0
75.js,0
86.js,0
41.js,0
10.js,0
128.js,0
51.js,0
9.js,0
96.js,0
65.js,0
34.js,0
46.js,0
17.js,0
23.js,0
72.js,0
62.js,0
33.js,0
91.js,0
56.js,0
76.js,0
27.js,0
13.js,0
42.js,0
52.js,0
37.js,0
66.js,0
95.js,0
84.js,0
77.js,0
26.js,0
12.js,0
43.js,0
53.js,0
36.js,0
67.js,0
94.js,0
47.js,0
16.js,0
80.js,0
22.js,0
73.js,0
63.js,0
32.js,0
90.js,0
57.js,0
125.js,0
29.js,0
4.js,0
68.js,0
39.js,0
101.js,0
19.js,0
48.js,0
58.js,0
105.js,0
114.js,0
120.js,0
18.js,0
49.js,0
59.js,0
1.js,0
104.js,0
124.js,0
28.js,0
79.js,0
5.js,0
69.js,0
38.js,0
2.js,0
6.js,0
7.js,0
3.js,0
25.js,0
11.js,0
8.js,0
15.js,0
21.js,0
14.js,0
20.js,0
24.js,0
10.js,0
9.js,0
17.js,0
23.js,0
27.js,0
26.js,0
16.js,0
22.js,0
29.js,0
4.js,0
19.js,0
18.js,0
1.js,0
28.js,0
89.js,0
93.js,0
82.js,0
92.js,0
96.js,0
33.js,0
91.js,0
95.js,0
26.js,0
12.js,0
94.js,0
47.js,0
90.js,0
68.js,0
19.js,0
48.js,0
69.js,0
2.js,0
6.js,0
7.js,0
3.js,0
25.js,0
40.js,0
11.js,0
50.js,0
8.js,0
35.js,0
15.js,0
44.js,0
21.js,0
31.js,0
54.js,0
14.js,0
45.js,0
20.js,0
30.js,0
55.js,0
24.js,0
41.js,0
10.js,0
51.js,0
9.js,0
34.js,0
46.js,0
17.js,0
33.js,0
56.js,0
27.js,0
13.js,0
42.js,0
52.js,0
37.js,0
26.js,0
12.js,0
43.js,0
53.js,0
36.js,0
47.js,0
22.js,0
32.js,0
57.js,0
29.js,0
4.js,0
39.js,0
19.js,0
48.js,0
58.js,0
18.js,0
49.js,0
59.js,0
1.js,0
28.js,0
5.js,0
38.js,0
1.js,0
2.js,0
103.js,0
102.js,0
25.js,0
11.js,0
15.js,0
14.js,0
20.js,0
30.js,0
10.js,0
17.js,0
23.js,0
72.js,0
33.js,0
13.js,0
42.js,0
37.js,0
84.js,0
26.js,0
12.js,0
16.js,0
80.js,0
63.js,0
32.js,0
29.js,0
101.js,0
19.js,0
48.js,0
105.js,0
18.js,0
1.js,0
104.js,0
28.js,0
5.js,0
100.js,0
2.js,0
6.js,0
7.js,0
3.js,0
25.js,0
40.js,0
11.js,0
35.js,0
15.js,0
21.js,0
31.js,0
14.js,0
20.js,0
30.js,0
24.js,0
41.js,0
10.js,0
9.js,0
34.js,0
17.js,0
23.js,0
33.js,0
27.js,0
42.js,0
37.js,0
26.js,0
12.js,0
43.js,0
36.js,0
16.js,0
22.js,0
32.js,0
29.js,0
4.js,0
39.js,0
19.js,0
18.js,0
1.js,0
28.js,0
5.js,0
38.js,0
275.js,0
224.js,0
146.js,0
286.js,0
210.js,0
181.js,0
241.js,0
301.js,0
123.js,0
172.js,0
2.js,0
162.js,0
133.js,0
311.js,0
251.js,0
191.js,0
200.js,0
296.js,0
156.js,0
234.js,0
265.js,0
325.js,0
245.js,0
305.js,0
185.js,0
214.js,0
176.js,0
220.js,0
271.js,0
113.js,0
282.js,0
142.js,0
89.js,0
99.js,0
6.js,0
152.js,0
292.js,0
103.js,0
261.js,0
321.js,0
230.js,0
137.js,0
166.js,0
204.js,0
195.js,0
315.js,0
255.js,0
244.js,0
304.js,0
215.js,0
184.js,0
177.js,0
126.js,0
221.js,0
270.js,0
283.js,0
112.js,0
143.js,0
88.js,0
98.js,0
7.js,0
102.js,0
293.js,0
260.js,0
320.js,0
231.js,0
167.js,0
194.js,0
205.js,0
314.js,0
254.js,0
274.js,0
225.js,0
147.js,0
287.js,0
180.js,0
211.js,0
240.js,0
300.js,0
173.js,0
3.js,0
163.js,0
132.js,0
310.js,0
250.js,0
201.js,0
190.js,0
297.js,0
106.js,0
157.js,0
235.js,0
264.js,0
324.js,0
25.js,0
87.js,0
40.js,0
129.js,0
178.js,0
168.js,0
139.js,0
8.js,0
97.js,0
35.js,0
15.js,0
44.js,0
21.js,0
83.js,0
288.js,0
148.js,0
158.js,0
109.js,0
298.js,0
14.js,0
20.js,0
82.js,0
118.js,0
289.js,0
149.js,0
299.js,0
108.js,0
92.js,0
61.js,0
24.js,0
86.js,0
179.js,0
169.js,0
138.js,0
96.js,0
81.js,0
23.js,0
279.js,0
228.js,0
238.js,0
269.js,0
91.js,0
56.js,0
85.js,0
27.js,0
13.js,0
249.js,0
309.js,0
189.js,0
218.js,0
208.js,0
199.js,0
319.js,0
259.js,0
52.js,0
37.js,0
95.js,0
84.js,0
26.js,0
12.js,0
43.js,0
248.js,0
308.js,0
219.js,0
188.js,0
198.js,0
209.js,0
318.js,0
258.js,0
36.js,0
16.js,0
22.js,0
278.js,0
229.js,0
239.js,0
268.js,0
90.js,0
125.js,0
174.js,0
187.js,0
216.js,0
247.js,0
307.js,0
111.js,0
280.js,0
273.js,0
222.js,0
29.js,0
4.js,0
232.js,0
263.js,0
323.js,0
290.js,0
101.js,0
150.js,0
317.js,0
257.js,0
206.js,0
197.js,0
164.js,0
284.js,0
144.js,0
226.js,0
277.js,0
170.js,0
243.js,0
303.js,0
212.js,0
183.js,0
19.js,0
48.js,0
58.js,0
193.js,0
202.js,0
313.js,0
253.js,0
131.js,0
267.js,0
327.js,0
236.js,0
154.js,0
105.js,0
294.js,0
285.js,0
227.js,0
276.js,0
171.js,0
242.js,0
302.js,0
182.js,0
213.js,0
18.js,0
1.js,0
203.js,0
192.js,0
312.js,0
252.js,0
130.js,0
161.js,0
266.js,0
326.js,0
237.js,0
155.js,0
295.js,0
124.js,0
175.js,0
217.js,0
186.js,0
246.js,0
306.js,0
281.js,0
110.js,0
272.js,0
223.js,0
28.js,0
5.js,0
38.js,0
233.js,0
262.js,0
322.js,0
100.js,0
291.js,0
316.js,0
256.js,0
196.js,0
207.js,0
165.js,0
2.js,0
3.js,0
4.js,0
1.js,0
5.js,0
2.js,0
7.js,0
3.js,0
25.js,0
74.js,0
40.js,0
8.js,0
35.js,0
15.js,0
44.js,0
31.js,0
60.js,0
54.js,0
14.js,0
45.js,0
71.js,0
82.js,0
30.js,0
24.js,0
75.js,0
41.js,0
10.js,0
51.js,0
9.js,0
34.js,0
46.js,0
17.js,0
23.js,0
33.js,0
85.js,0
76.js,0
27.js,0
42.js,0
37.js,0
77.js,0
26.js,0
12.js,0
43.js,0
53.js,0
36.js,0
67.js,0
47.js,0
16.js,0
22.js,0
73.js,0
32.js,0
29.js,0
78.js,0
68.js,0
39.js,0
19.js,0
58.js,0
18.js,0
49.js,0
59.js,0
1.js,0
28.js,0
79.js,0
5.js,0
38.js,0
6.js,0
7.js,0
3.js,0
11.js,0
8.js,0
15.js,0
14.js,0
10.js,0
9.js,0
17.js,0
13.js,0
12.js,0
16.js,0
4.js,0
1.js,0
5.js,0
2.js,0
6.js,0
7.js,0
3.js,0
25.js,0
11.js,0
8.js,0
15.js,0
14.js,0
30.js,0
24.js,0
10.js,0
9.js,0
17.js,0
23.js,0
27.js,0
13.js,0
26.js,0
12.js,0
16.js,0
22.js,0
29.js,0
4.js,0
19.js,0
18.js,0
1.js,0
28.js,0
5.js,0
2.js,0
6.js,0
7.js,0
3.js,0
40.js,0
35.js,0
15.js,0
21.js,0
31.js,0
14.js,0
20.js,0
24.js,0
10.js,0
34.js,0
17.js,0
23.js,0
33.js,0
37.js,0
36.js,0
16.js,0
22.js,0
32.js,0
39.js,0
19.js,0
18.js,0
1.js,0
5.js,0
38.js,0
2.js,0
89.js,0
99.js,0
6.js,0
103.js,0
88.js,0
98.js,0
7.js,0
102.js,0
3.js,0
25.js,0
74.js,0
87.js,0
40.js,0
11.js,0
50.js,0
8.js,0
97.js,0
64.js,0
35.js,0
15.js,0
44.js,0
70.js,0
21.js,0
83.js,0
93.js,0
31.js,0
60.js,0
54.js,0
14.js,0
45.js,0
71.js,0
20.js,0
82.js,0
92.js,0
30.js,0
61.js,0
55.js,0
75.js,0
86.js,0
41.js,0
10.js,0
51.js,0
9.js,0
96.js,0
65.js,0
34.js,0
46.js,0
81.js,0
72.js,0
62.js,0
33.js,0
91.js,0
56.js,0
85.js,0
76.js,0
27.js,0
13.js,0
42.js,0
52.js,0
66.js,0
95.js,0
84.js,0
77.js,0
26.js,0
12.js,0
43.js,0
53.js,0
36.js,0
67.js,0
94.js,0
47.js,0
16.js,0
80.js,0
73.js,0
63.js,0
32.js,0
90.js,0
57.js,0
29.js,0
78.js,0
4.js,0
68.js,0
39.js,0
101.js,0
19.js,0
48.js,0
58.js,0
18.js,0
49.js,0
59.js,0
1.js,0
28.js,0
79.js,0
5.js,0
69.js,0
100.js,0
2.js,0
6.js,0
7.js,0
3.js,0
25.js,0
74.js,0
40.js,0
11.js,0
50.js,0
8.js,0
64.js,0
35.js,0
15.js,0
44.js,0
70.js,0
21.js,0
31.js,0
60.js,0
54.js,0
14.js,0
45.js,0
71.js,0
20.js,0
30.js,0
61.js,0
55.js,0
24.js,0
75.js,0
41.js,0
10.js,0
51.js,0
9.js,0
65.js,0
34.js,0
46.js,0
17.js,0
23.js,0
72.js,0
62.js,0
33.js,0
56.js,0
76.js,0
27.js,0
13.js,0
42.js,0
52.js,0
37.js,0
66.js,0
26.js,0
12.js,0
43.js,0
53.js,0
36.js,0
67.js,0
47.js,0
16.js,0
22.js,0
73.js,0
63.js,0
32.js,0
57.js,0
29.js,0
4.js,0
68.js,0
39.js,0
19.js,0
48.js,0
58.js,0
18.js,0
49.js,0
59.js,0
1.js,0
28.js,0
5.js,0
69.js,0
38.js,0
335.js,0
275.js,0
397.js,0
146.js,0
181.js,0
172.js,0
488.js,0
608.js,0
599.js,0
589.js,0
618.js,0
2.js,0
311.js,0
191.js,0
200.js,0
374.js,0
245.js,0
185.js,0
176.js,0
127.js,0
271.js,0
113.js,0
6.js,0
383.js,0
230.js,0
137.js,0
344.js,0
244.js,0
361.js,0
221.js,0
392.js,0
7.js,0
293.js,0
320.js,0
371.js,0
167.js,0
194.js,0
254.js,0
334.js,0
365.js,0
122.js,0
173.js,0
598.js,0
609.js,0
619.js,0
588.js,0
3.js,0
190.js,0
235.js,0
505.js,0
74.js,0
554.js,0
40.js,0
560.js,0
482.js,0
593.js,0
602.js,0
612.js,0
521.js,0
461.js,0
8.js,0
544.js,0
455.js,0
35.js,0
515.js,0
15.js,0
424.js,0
44.js,0
597.js,0
550.js,0
410.js,0
83.js,0
119.js,0
158.js,0
389.js,0
109.js,0
298.js,0
451.js,0
31.js,0
496.js,0
587.js,0
616.js,0
574.js,0
434.js,0
14.js,0
425.js,0
596.js,0
607.js,0
487.js,0
500.js,0
118.js,0
289.js,0
398.js,0
149.js,0
388.js,0
299.js,0
92.js,0
401.js,0
497.js,0
617.js,0
55.js,0
524.js,0
464.js,0
555.js,0
415.js,0
86.js,0
470.js,0
592.js,0
128.js,0
582.js,0
613.js,0
460.js,0
9.js,0
545.js,0
514.js,0
595.js,0
17.js,0
443.js,0
329.js,0
542.js,0
620.js,0
527.js,0
56.js,0
585.js,0
614.js,0
556.js,0
416.js,0
27.js,0
591.js,0
600.js,0
473.js,0
533.js,0
562.js,0
218.js,0
572.js,0
52.js,0
523.js,0
610.js,0
581.js,0
406.js,0
546.js,0
95.js,0
77.js,0
26.js,0
506.js,0
446.js,0
601.js,0
590.js,0
43.js,0
248.js,0
308.js,0
209.js,0
573.js,0
433.js,0
491.js,0
580.js,0
611.js,0
407.js,0
594.js,0
536.js,0
16.js,0
22.js,0
553.js,0
73.js,0
338.js,0
239.js,0
379.js,0
543.js,0
452.js,0
32.js,0
621.js,0
577.js,0
437.js,0
615.js,0
584.js,0
356.js,0
307.js,0
140.js,0
280.js,0
362.js,0
509.js,0
68.js,0
548.js,0
263.js,0
290.js,0
101.js,0
317.js,0
257.js,0
164.js,0
284.js,0
226.js,0
212.js,0
479.js,0
19.js,0
428.js,0
568.js,0
578.js,0
253.js,0
131.js,0
236.js,0
154.js,0
145.js,0
227.js,0
302.js,0
182.js,0
353.js,0
478.js,0
18.js,0
538.js,0
49.js,0
59.js,0
579.js,0
343.js,0
203.js,0
266.js,0
326.js,0
155.js,0
104.js,0
281.js,0
110.js,0
272.js,0
559.js,0
419.js,0
5.js,0
518.js,0
262.js,0
100.js,0
380.js,0
316.js,0
347.js,0
2.js,0
6.js,0
7.js,0
3.js,0
25.js,0
11.js,0
8.js,0
15.js,0
21.js,0
14.js,0
20.js,0
24.js,0
10.js,0
9.js,0
23.js,0
27.js,0
13.js,0
26.js,0
12.js,0
16.js,0
22.js,0
4.js,0
1.js,0
28.js,0
5.js,0
2.js,0
6.js,0
7.js,0
3.js,0
11.js,0
8.js,0
15.js,0
14.js,0
10.js,0
9.js,0
17.js,0
13.js,0
12.js,0
16.js,0
4.js,0
18.js,0
1.js,0
5.js,0
seo_poisoning_1.js,1
seo_poisoning_deobfuscated.js,1
site-130746.js,1
drive-by_googl_ignore.js,1
2015-07-17-malicious-javascript-from-stepanovichon.com.js,1
private_exploit_pack_cve.js,1
2015-07-17-malicious-javascript-from-stepanovichon.com_deobfuscated.js,1
nucleotide.js,1
seo_poisoning_2.js,1
0515php_layer2_FlashEK_2014-06-06.js,1
Postquittung_Version_fur_PC_deobfuscated.js,1
Postquittung_Version_fur_PC.js,1
prototype_deobfuscated.js,1
prototype.js,1
ek_rig_start[.]remax-grandrapidstwp[.]com.js,1
2016-02-07-engeniusforum.com-jquery_injection.js,1
2016-02-23-Rig-EK-chain-step-1-cyclocamping.com-jquery.min.js,1
2016-02-23-Rig-EK-chain-step-1-pavtube.com-jquery.js,1
2016-02-23-Rig-EK-chain-step-1-ancientbathsny.com-jquery.js,1
2016-02-23-Rig-EK-chain-step-1-planetside.co.uk-mootools-core.js,1
2016-02-23-Rig-EK-chain-step-1-theprojectgirl.com-jquery.js,1
PluginDetect_deobfuscated.js,1
injected_code.js,1
deobfuscated.js,1
20min_variant.js,1
injected.js,1
deobfuscated.js,1
injected.js,1
deobfuscated.js,1
sample9091.js,1
sample9300.js,1
sample9240.js,1
sample9351.js,1
sample9180.js,1
sample9211.js,1
sample9033.js,1
sample9173.js,1
sample9062.js,1
sample9122.js,1
sample9225.js,1
sample988.js,1
sample9365.js,1
sample9274.js,1
sample9334.js,1
sample9116.js,1
sample9287.js,1
sample9056.js,1
sample9147.js,1
sample9007.js,1
sample9396.js,1
sample9598.js,1
sample9609.js,1
sample9749.js,1
sample9658.js,1
sample9489.js,1
sample9718.js,1
sample93.js,1
sample9708.js,1
sample9499.js,1
sample9648.js,1
sample9759.js,1
sample9619.js,1
sample9588.js,1
sample9386.js,1
sample9017.js,1
sample9157.js,1
sample9046.js,1
sample9297.js,1
sample9106.js,1
sample9324.js,1
sample9264.js,1
sample9375.js,1
sample9235.js,1
sample9132.js,1
sample9072.js,1
sample9163.js,1
sample9023.js,1
sample9201.js,1
sample9190.js,1
sample9341.js,1
sample9250.js,1
sample9310.js,1
sample9081.js,1
sample9270.js,1
sample9330.js,1
sample9221.js,1
sample9361.js,1
sample9143.js,1
sample9392.js,1
sample9003.js,1
sample9283.js,1
sample9112.js,1
sample9052.js,1
sample9355.js,1
sample9215.js,1
sample9184.js,1
sample9304.js,1
sample9095.js,1
sample9244.js,1
sample9066.js,1
sample9126.js,1
sample9037.js,1
sample9177.js,1
sample9779.js,1
sample9639.js,1
sample9728.js,1
sample9668.js,1
sample97.js,1
sample9889.js,1
sample9899.js,1
sample9678.js,1
sample9738.js,1
sample9629.js,1
sample9769.js,1
sample9167.js,1
sample9027.js,1
sample9136.js,1
sample9076.js,1
sample9254.js,1
sample9085.js,1
sample9314.js,1
sample9194.js,1
sample9205.js,1
sample9345.js,1
sample9042.js,1
sample9102.js,1
sample9293.js,1
sample9013.js,1
sample9382.js,1
sample9153.js,1
sample9371.js,1
sample9231.js,1
sample9320.js,1
sample9260.js,1
sample9271.js,1
sample9331.js,1
sample9220.js,1
sample9360.js,1
sample9142.js,1
sample9002.js,1
sample9393.js,1
sample9113.js,1
sample9282.js,1
sample9053.js,1
sample9354.js,1
sample9185.js,1
sample9214.js,1
sample9094.js,1
sample9305.js,1
sample9245.js,1
sample9067.js,1
sample9127.js,1
sample9036.js,1
sample9176.js,1
sample9778.js,1
sample9638.js,1
sample9729.js,1
sample9669.js,1
sample9888.js,1
sample96.js,1
sample9898.js,1
sample9679.js,1
sample9739.js,1
sample9628.js,1
sample9768.js,1
sample9166.js,1
sample9026.js,1
sample9137.js,1
sample9077.js,1
sample9255.js,1
sample9315.js,1
sample9084.js,1
sample9204.js,1
sample9195.js,1
sample9344.js,1
sample9043.js,1
sample9292.js,1
sample9103.js,1
sample9383.js,1
sample9012.js,1
sample9152.js,1
sample9370.js,1
sample9230.js,1
sample9321.js,1
sample9261.js,1
sample9301.js,1
sample9090.js,1
sample9241.js,1
sample9350.js,1
sample9210.js,1
sample9181.js,1
sample9032.js,1
sample9172.js,1
sample9063.js,1
sample9123.js,1
sample989.js,1
sample9224.js,1
sample9364.js,1
sample9275.js,1
sample9335.js,1
sample9286.js,1
sample9117.js,1
sample9057.js,1
sample9146.js,1
sample9397.js,1
sample9006.js,1
sample9608.js,1
sample9599.js,1
sample9748.js,1
sample9659.js,1
sample9719.js,1
sample9488.js,1
sample92.js,1
sample9498.js,1
sample9709.js,1
sample9649.js,1
sample9758.js,1
sample9589.js,1
sample9618.js,1
sample9016.js,1
sample9387.js,1
sample9156.js,1
sample9047.js,1
sample9107.js,1
sample9296.js,1
sample9325.js,1
sample9265.js,1
sample9374.js,1
sample9234.js,1
sample9133.js,1
sample9073.js,1
sample9162.js,1
sample9022.js,1
sample9191.js,1
sample9200.js,1
sample9340.js,1
sample9251.js,1
sample9080.js,1
sample9311.js,1
sample9530.js,1
sample9470.js,1
sample9561.js,1
sample9421.js,1
sample9603.js,1
sample9592.js,1
sample9743.js,1
sample9840.js,1
sample9652.js,1
sample9712.js,1
sample9483.js,1
sample9811.js,1
sample9887.js,1
sample9784.js,1
sample9415.js,1
sample9555.js,1
sample9444.js,1
sample9695.js,1
sample9504.js,1
sample9726.js,1
sample9825.js,1
sample9666.js,1
sample9777.js,1
sample9874.js,1
sample9637.js,1
sample9039.js,1
sample945.js,1
sample9179.js,1
sample9068.js,1
sample914.js,1
sample9128.js,1
sample920.js,1
sample971.js,1
sample982.js,1
sample961.js,1
sample930.js,1
sample904.js,1
sample9138.js,1
sample9078.js,1
sample955.js,1
sample9169.js,1
sample9029.js,1
sample9627.js,1
sample9767.js,1
sample9864.js,1
sample9676.js,1
sample9736.js,1
sample9835.js,1
sample9514.js,1
sample9685.js,1
sample9454.js,1
sample9545.js,1
sample9897.js,1
sample9405.js,1
sample9794.js,1
sample9493.js,1
sample9702.js,1
sample9801.js,1
sample9642.js,1
sample9753.js,1
sample9850.js,1
sample9582.js,1
sample9613.js,1
sample9431.js,1
sample9571.js,1
sample9460.js,1
sample9520.js,1
sample9440.js,1
sample9500.js,1
sample9691.js,1
sample9411.js,1
sample9780.js,1
sample9883.js,1
sample9551.js,1
sample9870.js,1
sample9773.js,1
sample9633.js,1
sample9821.js,1
sample9722.js,1
sample9662.js,1
sample9565.js,1
sample9425.js,1
sample9534.js,1
sample9474.js,1
sample9656.js,1
sample9815.js,1
sample9487.js,1
sample9716.js,1
sample9596.js,1
sample9607.js,1
sample9844.js,1
sample9747.js,1
sample9149.js,1
sample975.js,1
sample9009.js,1
sample9398.js,1
sample9118.js,1
sample9289.js,1
sample924.js,1
sample9058.js,1
sample986.js,1
sample910.js,1
sample941.js,1
sample951.js,1
sample900.js,1
sample9048.js,1
sample9299.js,1
sample9108.js,1
sample934.js,1
sample9388.js,1
sample9019.js,1
sample9159.js,1
sample965.js,1
sample9854.js,1
sample9757.js,1
sample9617.js,1
sample9586.js,1
sample9805.js,1
sample9706.js,1
sample9497.js,1
sample9646.js,1
sample9464.js,1
sample9524.js,1
sample9435.js,1
sample9575.js,1
sample9672.js,1
sample9831.js,1
sample9732.js,1
sample9623.js,1
sample9860.js,1
sample9763.js,1
sample9541.js,1
sample9790.js,1
sample9401.js,1
sample9893.js,1
sample9681.js,1
sample9510.js,1
sample9450.js,1
sample9441.js,1
sample9690.js,1
sample9501.js,1
sample9882.js,1
sample9781.js,1
sample9410.js,1
sample9550.js,1
sample9772.js,1
sample9871.js,1
sample9632.js,1
sample9723.js,1
sample9820.js,1
sample9663.js,1
sample9564.js,1
sample9424.js,1
sample9535.js,1
sample9475.js,1
sample9657.js,1
sample9717.js,1
sample9486.js,1
sample9814.js,1
sample9606.js,1
sample9597.js,1
sample9746.js,1
sample9845.js,1
sample974.js,1
sample9148.js,1
sample9399.js,1
sample9008.js,1
sample925.js,1
sample9288.js,1
sample9119.js,1
sample9059.js,1
sample987.js,1
sample911.js,1
sample940.js,1
sample950.js,1
sample901.js,1
sample9049.js,1
sample935.js,1
sample9109.js,1
sample9298.js,1
sample9018.js,1
sample9389.js,1
sample964.js,1
sample9158.js,1
sample9756.js,1
sample9855.js,1
sample9587.js,1
sample9616.js,1
sample9496.js,1
sample9707.js,1
sample9804.js,1
sample9647.js,1
sample9465.js,1
sample9525.js,1
sample9434.js,1
sample9574.js,1
sample9673.js,1
sample9733.js,1
sample9830.js,1
sample9622.js,1
sample9762.js,1
sample9861.js,1
sample9540.js,1
sample9892.js,1
sample9400.js,1
sample9791.js,1
sample9511.js,1
sample9680.js,1
sample9451.js,1
sample9531.js,1
sample9471.js,1
sample9560.js,1
sample9420.js,1
sample9593.js,1
sample9602.js,1
sample9841.js,1
sample9742.js,1
sample9653.js,1
sample9810.js,1
sample9482.js,1
sample9713.js,1
sample9414.js,1
sample9785.js,1
sample98.js,1
sample9886.js,1
sample9554.js,1
sample9445.js,1
sample9505.js,1
sample9694.js,1
sample9824.js,1
sample9727.js,1
sample9667.js,1
sample9875.js,1
sample9776.js,1
sample9636.js,1
sample9038.js,1
sample9178.js,1
sample944.js,1
sample9069.js,1
sample9129.js,1
sample915.js,1
sample921.js,1
sample970.js,1
sample983.js,1
sample960.js,1
sample931.js,1
sample9139.js,1
sample905.js,1
sample9079.js,1
sample9168.js,1
sample954.js,1
sample9028.js,1
sample9626.js,1
sample9865.js,1
sample9766.js,1
sample9677.js,1
sample9834.js,1
sample9737.js,1
sample9684.js,1
sample9515.js,1
sample9455.js,1
sample9544.js,1
sample9795.js,1
sample9404.js,1
sample9896.js,1
sample9800.js,1
sample9703.js,1
sample9492.js,1
sample9643.js,1
sample9851.js,1
sample9752.js,1
sample9612.js,1
sample9583.js,1
sample9430.js,1
sample9570.js,1
sample9461.js,1
sample9521.js,1
sample9720.js,1
sample9823.js,1
sample9660.js,1
sample9771.js,1
sample9872.js,1
sample9631.js,1
sample9881.js,1
sample9413.js,1
sample9782.js,1
sample9553.js,1
sample9442.js,1
sample9502.js,1
sample9693.js,1
sample9594.js,1
sample9605.js,1
sample9745.js,1
sample9846.js,1
sample9654.js,1
sample9485.js,1
sample9714.js,1
sample9817.js,1
sample9536.js,1
sample9476.js,1
sample9567.js,1
sample9427.js,1
sample9229.js,1
sample984.js,1
sample9369.js,1
sample9278.js,1
sample9338.js,1
sample926.js,1
sample977.js,1
sample943.js,1
sample912.js,1
sample902.js,1
sample953.js,1
sample967.js,1
sample936.js,1
sample9328.js,1
sample9268.js,1
sample9379.js,1
sample9239.js,1
sample9437.js,1
sample9577.js,1
sample9466.js,1
sample9526.js,1
sample9704.js,1
sample9495.js,1
sample9807.js,1
sample9644.js,1
sample9755.js,1
sample9856.js,1
sample9615.js,1
sample9584.js,1
sample9683.js,1
sample9512.js,1
sample9452.js,1
sample9543.js,1
sample9891.js,1
sample9792.js,1
sample9403.js,1
sample9621.js,1
sample9761.js,1
sample9862.js,1
sample9670.js,1
sample9730.js,1
sample9833.js,1
sample9650.js,1
sample9813.js,1
sample9710.js,1
sample9481.js,1
sample9601.js,1
sample9590.js,1
sample9842.js,1
sample9741.js,1
sample9563.js,1
sample9423.js,1
sample9532.js,1
sample9472.js,1
sample9876.js,1
sample9775.js,1
sample9635.js,1
sample9827.js,1
sample9724.js,1
sample9664.js,1
sample9446.js,1
sample9697.js,1
sample9506.js,1
sample9786.js,1
sample9417.js,1
sample9885.js,1
sample9557.js,1
sample9359.js,1
sample9219.js,1
sample9188.js,1
sample9308.js,1
sample9099.js,1
sample9.js,1
sample9248.js,1
sample916.js,1
sample947.js,1
sample980.js,1
sample973.js,1
sample922.js,1
sample932.js,1
sample963.js,1
sample957.js,1
sample906.js,1
sample9258.js,1
sample9089.js,1
sample9318.js,1
sample9198.js,1
sample9209.js,1
sample9349.js,1
sample9547.js,1
sample9407.js,1
sample9796.js,1
sample9895.js,1
sample9516.js,1
sample9687.js,1
sample9456.js,1
sample9674.js,1
sample9837.js,1
sample9734.js,1
sample9625.js,1
sample9866.js,1
sample9765.js,1
sample9462.js,1
sample9522.js,1
sample9433.js,1
sample9573.js,1
sample9852.js,1
sample9751.js,1
sample9580.js,1
sample9611.js,1
sample9803.js,1
sample9491.js,1
sample9700.js,1
sample9640.js,1
sample9651.js,1
sample9480.js,1
sample9711.js,1
sample9812.js,1
sample9591.js,1
sample9600.js,1
sample9740.js,1
sample9843.js,1
sample9562.js,1
sample9422.js,1
sample9533.js,1
sample9473.js,1
sample9774.js,1
sample9877.js,1
sample9634.js,1
sample9725.js,1
sample9826.js,1
sample9665.js,1
sample9447.js,1
sample9507.js,1
sample9696.js,1
sample9884.js,1
sample9416.js,1
sample9787.js,1
sample9556.js,1
sample9358.js,1
sample9189.js,1
sample9218.js,1
sample9098.js,1
sample9309.js,1
sample9249.js,1
sample917.js,1
sample946.js,1
sample981.js,1
sample972.js,1
sample923.js,1
sample933.js,1
sample962.js,1
sample956.js,1
sample907.js,1
sample9259.js,1
sample9319.js,1
sample9088.js,1
sample9208.js,1
sample9199.js,1
sample9348.js,1
sample9546.js,1
sample9894.js,1
sample9797.js,1
sample9406.js,1
sample9686.js,1
sample9517.js,1
sample9457.js,1
sample9675.js,1
sample9735.js,1
sample9836.js,1
sample9624.js,1
sample9764.js,1
sample9867.js,1
sample9463.js,1
sample9523.js,1
sample9432.js,1
sample9572.js,1
sample9750.js,1
sample9853.js,1
sample9610.js,1
sample9581.js,1
sample9701.js,1
sample9490.js,1
sample9802.js,1
sample9641.js,1
sample9822.js,1
sample9721.js,1
sample9661.js,1
sample9873.js,1
sample9770.js,1
sample9630.js,1
sample9783.js,1
sample9412.js,1
sample9880.js,1
sample9552.js,1
sample9443.js,1
sample9692.js,1
sample9503.js,1
sample9604.js,1
sample9595.js,1
sample9847.js,1
sample9744.js,1
sample9655.js,1
sample9816.js,1
sample9715.js,1
sample9484.js,1
sample9537.js,1
sample9477.js,1
sample9566.js,1
sample9426.js,1
sample985.js,1
sample9228.js,1
sample9368.js,1
sample9279.js,1
sample9339.js,1
sample927.js,1
sample976.js,1
sample942.js,1
sample913.js,1
sample903.js,1
sample952.js,1
sample966.js,1
sample937.js,1
sample9329.js,1
sample9269.js,1
sample9378.js,1
sample9238.js,1
sample9436.js,1
sample9576.js,1
sample9467.js,1
sample9527.js,1
sample9806.js,1
sample9494.js,1
sample9705.js,1
sample9645.js,1
sample9857.js,1
sample9754.js,1
sample9585.js,1
sample9614.js,1
sample9513.js,1
sample9682.js,1
sample9453.js,1
sample9542.js,1
sample9402.js,1
sample9793.js,1
sample9890.js,1
sample9620.js,1
sample9863.js,1
sample9760.js,1
sample9671.js,1
sample9832.js,1
sample9731.js,1
sample9281.js,1
sample9110.js,1
sample9050.js,1
sample9141.js,1
sample9390.js,1
sample9001.js,1
sample9223.js,1
sample9363.js,1
sample9272.js,1
sample9332.js,1
sample9035.js,1
sample949.js,1
sample9175.js,1
sample9064.js,1
sample918.js,1
sample9124.js,1
sample9306.js,1
sample9097.js,1
sample9246.js,1
sample9357.js,1
sample9217.js,1
sample9186.js,1
sample95.js,1
sample9788.js,1
sample9419.js,1
sample9559.js,1
sample9448.js,1
sample9699.js,1
sample9508.js,1
sample9829.js,1
sample9878.js,1
sample9868.js,1
sample9839.js,1
sample9518.js,1
sample9689.js,1
sample9458.js,1
sample9549.js,1
sample9409.js,1
sample9798.js,1
sample9196.js,1
sample9207.js,1
sample9347.js,1
sample9256.js,1
sample9087.js,1
sample9316.js,1
sample908.js,1
sample9134.js,1
sample9074.js,1
sample959.js,1
sample9165.js,1
sample9025.js,1
sample9322.js,1
sample9262.js,1
sample9373.js,1
sample9233.js,1
sample9011.js,1
sample9380.js,1
sample9151.js,1
sample9040.js,1
sample9100.js,1
sample9291.js,1
sample9060.js,1
sample9120.js,1
sample9031.js,1
sample9171.js,1
sample9353.js,1
sample9182.js,1
sample9213.js,1
sample9093.js,1
sample9302.js,1
sample9242.js,1
sample9145.js,1
sample979.js,1
sample9005.js,1
sample9394.js,1
sample9114.js,1
sample9285.js,1
sample928.js,1
sample9054.js,1
sample9276.js,1
sample9336.js,1
sample9227.js,1
sample9367.js,1
sample9569.js,1
sample9429.js,1
sample9538.js,1
sample9478.js,1
sample9819.js,1
sample9848.js,1
sample91.js,1
sample9858.js,1
sample9809.js,1
sample9468.js,1
sample9528.js,1
sample9439.js,1
sample9579.js,1
sample9377.js,1
sample9237.js,1
sample9326.js,1
sample9266.js,1
sample9044.js,1
sample9295.js,1
sample9104.js,1
sample938.js,1
sample9384.js,1
sample9015.js,1
sample9155.js,1
sample969.js,1
sample9252.js,1
sample9312.js,1
sample9083.js,1
sample9203.js,1
sample9192.js,1
sample9343.js,1
sample9161.js,1
sample9021.js,1
sample9130.js,1
sample9070.js,1
sample9061.js,1
sample9121.js,1
sample9030.js,1
sample9170.js,1
sample9352.js,1
sample9212.js,1
sample9183.js,1
sample9303.js,1
sample9092.js,1
sample9243.js,1
sample978.js,1
sample9144.js,1
sample9395.js,1
sample9004.js,1
sample929.js,1
sample9284.js,1
sample9115.js,1
sample9055.js,1
sample9277.js,1
sample9337.js,1
sample9226.js,1
sample9366.js,1
sample9568.js,1
sample9428.js,1
sample9539.js,1
sample9479.js,1
sample9818.js,1
sample9849.js,1
sample90.js,1
sample9859.js,1
sample9808.js,1
sample9469.js,1
sample9529.js,1
sample9438.js,1
sample9578.js,1
sample9376.js,1
sample9236.js,1
sample9327.js,1
sample9267.js,1
sample9045.js,1
sample939.js,1
sample9105.js,1
sample9294.js,1
sample9014.js,1
sample9385.js,1
sample968.js,1
sample9154.js,1
sample9253.js,1
sample9082.js,1
sample9313.js,1
sample9193.js,1
sample9202.js,1
sample9342.js,1
sample9160.js,1
sample9020.js,1
sample9131.js,1
sample9071.js,1
sample9111.js,1
sample9280.js,1
sample9051.js,1
sample9140.js,1
sample9000.js,1
sample9391.js,1
sample9222.js,1
sample9362.js,1
sample9273.js,1
sample9333.js,1
sample9034.js,1
sample9174.js,1
sample948.js,1
sample9065.js,1
sample9125.js,1
sample919.js,1
sample9096.js,1
sample9307.js,1
sample9247.js,1
sample9356.js,1
sample9187.js,1
sample9216.js,1
sample9418.js,1
sample9789.js,1
sample94.js,1
sample9558.js,1
sample9449.js,1
sample9509.js,1
sample9698.js,1
sample9828.js,1
sample9879.js,1
sample9869.js,1
sample9838.js,1
sample9688.js,1
sample9519.js,1
sample9459.js,1
sample9548.js,1
sample9799.js,1
sample9408.js,1
sample9206.js,1
sample9197.js,1
sample9346.js,1
sample9257.js,1
sample9317.js,1
sample9086.js,1
sample9135.js,1
sample909.js,1
sample9075.js,1
sample9164.js,1
sample958.js,1
sample9024.js,1
sample9323.js,1
sample9263.js,1
sample9372.js,1
sample9232.js,1
sample9381.js,1
sample9010.js,1
sample9150.js,1
sample9041.js,1
sample9290.js,1
sample9101.js,1
ek_angler_2015_06_10.js,1
AnglerEK_IE11_32bits_Landing_CVE-2014-4130.js,1
2016-02-22-js-from-compromised-website-skinnymom.com-zlrecipe_print.js,1
2016-02-22-js-from-compromised-website-skinnymom.com-edd-checkout-global.min.js,1
2016-02-15-page-from-waterfrontsouthgate.com.au_injected.js,1
2016-03-02-kiwitemplates.com-mootools-core_injected.js,1
2016-03-02-kiwitemplates.com-engine.mootools_injected.js,1
2016-03-02-kiwitemplates.com-jquery-noconflict_injected.js,1
2016-03-02-kiwitemplates.com-core_injected.js,1
2016-03-02-kiwitemplates.com-bootstrap.min_injected.js,1
2016-03-02-kiwitemplates.com-caption_injected.js,1
2016-03-02-kiwitemplates.com-jquery.min_injected.js,1
2016-03-02-page-from-dompetdhuafa.org.au-with-injected-script.js,1
2016-03-02-kiwitemplates.com-jquery-migrate.min_injected.js,1
ek_angler_2015_06_21.js,1
2016-02-29-js-file-from-sushifaq.com-wp-emoji-release.min_injected.js,1
2016-02-11-www.pdcmemphis.com-wp-emoji-releae_injected.js,1
inject1_deobfuscated.js,1
inject3_deobfuscated.js,1
jquery_injected.js,1
deobfuscated_injection.js,1
Court_Notification_00738907.doc.js,1
1a943ac0fae975a237546e7d5c024dbc_Fattura_09547.pdf.js,1
88fbeb9f5b61984604cbac9372ef9c41_invoice_copy_k55X2v5wniR.js,1
598f128aee3ca29c8a073204e764c850_doc.js,1
000483551.doc.js,1
7639c5504f641847116441f236eb7582_invoice_zBLbaY.js,1
5f592a9516fa634e1ee3bdb40707499d_fax000573723.doc.js,1
b0c8255dc90631599b482ba657697896_scan_00659086.doc.js,1
0000290134.doc.js,1
46b9926d216abd172e210c2984be1b54_Resume_Clement_Spence.js,1
E-ZPass_00342193.doc.js,1
eed3486578a30ada2c3850dba0e0790d_Desmond_Mccann.js,1
96b13c847e6b2432a6bf4338d6935f6a_info_1aXAmms92hX.js,1
7ef338b1be20c6b6bbb443694679efa2_invoice_scan_dPFyfS.js,1
foto_6883.js,1
ded03a00ae8738ca3e9564f0d2d81b2d_Brady_Baldwin.js,1
d0b06477a69a7853a8ea953fd7310ffd_scanned00259309.doc.js,1
83bd8a778b2119af79bc92177d41358b_task000937700.doc.js,1
a58198eb927521d1a0d28973da4db270_invoice_scan_T4d7t3.js,1
eebadc8774534e3115ab98c23b1d1bd6_invoice304-29.js,1
e6955678f01a142d7f00244387111df5_output68.js,1
b9289e6100a45a4d2f71be299df4de6d_invoice_scan_RmNOnI.xls.js,1
8563c815fdef4ef59181c6aa19d98922_invoice_copy_T9slL1.xls.js,1
0ca4dfa11bbdad64aebebed3b84f247d_document_000778804.doc.js,1
96e5151ec766aeccc7ff17b7238f7c41_scanned-00754689.doc.js,1
ea2491377f9c0dc669002101e2f76167_doc_GcxdHfLcHfv.js,1
Delivery_Notification_0000197896.doc.js,1
5ef94ac0cc6e5069e0823a49b825f19b_scan-000824902.doc.js,1
image_6604.js,1
003e2e90f553f6da5985c1018f4d076e_Resume_Darnell_Ho.js,1
FedEx_ID_00345703.doc.js,1
Court_Notification_00000315932.doc.js,1
494da830063b9ceb42a3773bebaa7a95_scanned000949661.doc.js,1
88ae81cc0e2a0b58d21d75f53c63b601_Court_Notification_00733046.doc.js,1
bd213058ed57ee623a229943fe956220_document-0000682687.doc.js,1
96ac172aa1e2b45a7d6794e3178b1805_invoice_V77vRI.js,1
17f2db1ee1b452d505d9b2d911325e84_img.js,1
cd7be7a8bac893c8578401ec33875f67_info_HsUxzD2EF52.js,1
c1450b0afd7e5a7ea22177c471d6f6c1_Court_Notification_000406563.doc.js,1
Delivery_Notification_000240361.doc.js,1
0706a59751763eb9b14683b51eba86af_statement.js,1
7077f78ba8ad90527979b11a4ac5d614_info_Jw5cmYbwVVv.js,1
c103c26607ef7bf347d1ae94189f09fd_invoice_qiYXES.js,1
119d4d0a4830bc25dcbe21cbba0c874e_invoice_scan_tEAM1t.js,1
127d09ef46a3e8c56e02812c630ab3ab_invoice_scan_fQaneK.js,1
06bc28c42a92c18f5eff141526118b4c_invoice_copy_WzCwCwtpdXL.js,1
Collin_Richard_-_passport_scans.js,1
5d8fbd9aaa4acbf5f7c35a6a9071c20f_doc.js,1
84865ec121b473539e11740a3ad43c9a_doc_BWD3y3U3Rwq.js,1
cc913668723c47bb2bd0966beb90a206_Notice_to_Appear_00000161105.doc.js,1
Notice_to_Appear_000348496.doc.js,1
cf8f0c914e4196c76886303aecda903f_00109467.doc.js,1
00358520.doc.js,1
1cc463f9d2843d1647dcaa33b717dd79_00000278156.doc.js,1
06d4d5124ca33ffe8804923bd8c163bc_fax00000321502.doc.js,1
076ff2e48b0bdecf6ccb55728d3864ce_invoice_copy_dZxsQt.js,1
Notice_to_Appear_00218304.doc.js,1
c0e52d521fe0cc84ff5b411c47423afd_task-000993344.doc.js,1
a9c9d4b7c5db68b65672e2e858b552cf_invoice_wiFl2a.xls.js,1
2b78ba5b5d5fafd2c3389cc51034e610_document-000890408.doc.js,1
97633824b77de77fd3cd46d426366e67_scan-00000874184.doc.js,1
41b20c0dfb7962e7caa8c4290031f70d_doc_tmBHqcKcUyQ.js,1
22f8feaddf02294d70d6614ba821f95b_doc_OTpkXCGPhGM.js,1
93e38c6fbbc994fca232105bc81b5857_invoice_DAzryJ.js,1
b53924993a488ab1c368bd727195a025_document_00182629.doc.js,1
8e6a81894a25c682d0b565852ced26af_scan-0000730691.doc.js,1
cdc15f4b2a4a8dd726a53ec585dd1138_Informazione_1534.pdf.js,1
c81b4512546575d3c080d10ac86173e8_scanned.0000925811.doc.js,1
Photo_3425.js,1
f39bce829406e6579f89c98aa4d86020_Edgar_Newton.js,1
Photo_1138.js,1
9212ecda02c5416cae4552db57c2b082_invoice_copy_CByZHr0Lkm5.js,1
9883aeede56cd2f900b6be66171ae1c6_invoice_xQ0FbD.js,1
d19cfa942a781be1e3453c149781a648_invoice_copy_bMkMR2.js,1
79d6a20b24017cf442e64c11c5fcd1ae_invoice_n8wFeY.js,1
3ddc39c88d40aa08c60c5f6101441255_Eloy_Coffey.js,1
0b859eb668a8d74bfcea058fb4a9c26c_invoice_SENwRY.js,1
49e6185c11f5bca2dafc6d224e19795e_document_00290609.doc.js,1
18d519ab53b83109c57ff8928dc617a9_invoice_copy_eCEYwaGbIs6.js,1
FedEx_ID_00371524.doc.js,1
Notice_to_Appear_0000893857.doc.js,1
b3a03eda82aee35928fe43e461ed98f8_invoice_copy_uLkd4K.js,1
7ade65c25032276b86006c51c68b3279_invoice_copy_7jjhCA.js,1
E-ZPass_00000170428.doc.js,1
documents_and_passport_scans.js,1
e3ea77d30d5f78b8e59ae5e97c255a73_invoice_sIbZa6.js,1
9197b7630b8b23534897b3055582ca95_task-00211078.doc.js,1
640191e17730433653808aa875e8a183_info_kSpG1bweMQ5.js,1
0673c19dc215de1b6300d36740fcf0f8_invoice_copy_1CuXOmdYEZt.js,1
ab60f00e84b51787a0ee0fcc2b3db979_fax00311294.doc.js,1
Label_00000216593.doc.js,1
ec1f2e9ca4bfe5e85d99ed0807220298_kostenaufwand_70595094.pdf.js,1
000945461.doc.js,1
000131617.doc.js,1
Invoice_00532736.doc.js,1
c251b2de959bd7a9c75878a6d24f2761_Gerald_Pena.js,1
7acc3ff4d9f9e7084fcb37d7db8d6163_resume.js,1
Invoice_852947.js,1
9cbf9e390e232ea4cf005de400343372_invoice_scan_syA9FP.docx.js,1
61a4cf73e523e0e87526280fcb355688_invoice_QayK83.js,1
01c21dba632f4a02c22eaa69878cc9dd_invoice_20ii4w.js,1
83200a18ffa2bc5e52ef547905f044f6_invoice_scan_Q7pYE3.js,1
Notice_to_Appear_00834279.doc.js,1
77290f994d05ad0add5768c9c040dc55_info.js,1
d57f0e81897a902b2aca5213ec36b5b5_invoice_copy_RWV4Ri.js,1
e8fb7d28766bedce701eaa2616fc5cb7_info_pcZUHr0gKSF.js,1
E-ZPass_0000494292.doc.js,1
000994579.doc.js,1
FedEx_ID_000216778.doc.js,1
Label_000519210.doc.js,1
c6a705ca695d03b0671396c168daf0ac_invoice_JCylu4.js,1
14cff84d889bf3d6973565635fe03911_invoice_SCAN_w7acB.js,1
00443048.doc.js,1
796ea2e8fe056b037f989e2885fc4bea_task-000484023.doc.js,1
Label_00000158387.doc.js,1
8586005f2d663e21202aeda002ad1925_My_resume_Edgar_Yates.js,1
8b6bb4e255862107fef21b5a91f42702_img_copy_1sSgYv.js,1
6721a3616e4bd381e91f8fd4fc3f4651_doc.js,1
53e4536692c3224c2ed54f3a8d56d65d_info_RKHu4S1bB6k.js,1
Label_00000741102.doc.js,1
Label_00614046.doc.js,1
FedEx_ID_000288580.doc.js,1
681a5db96378bade19f1a14ac2365605_FedEx_0000525375.doc.js,1
6467b6025e679fc34f2da4231f5e42fa_scan_000549493.doc.js,1
2b4ee07fc6aa51d0808aa997dbdd8afc_00000859517.doc.js,1
00000307425.doc.js,1
Delivery_Notification_000884522.doc.js,1
Photo_0777.js,1
16a57b1149fa302bf54e8039ac463e17_inv_877.js,1
shoot_0763.js,1
FedEx_0000525165.doc.js,1
00171176.doc.js,1
Notice_to_Appear_00664870.doc.js,1
FedEx_00554687.doc.js,1
7ab32dd2482a7c711ab84d08cc68a04e_My_resume_Lane_Cooley.js,1
9de6ea105cb58436a06490fe27a4956d_scan_000648406.doc.js,1
img_8674.js,1
Photo_7107.js,1
52cccadbed28cc93057c035e8b178cba_00942173.doc.js,1
FedEx_ID_00506668.doc.js,1
Court_Notification_000102497.doc.js,1
Maynard_Mills.js,1
90453c7e9ef1bde4ca4394a5bad4e2a5_Notice_to_Appear_000491405.doc.js,1
Label_00233958.doc.js,1
1784191639a5321c896951a27df5e3e9_fax_000594567.doc.js,1
Your_order_No._385733_has_been_declined.js,1
0352acd36fedd29e12aceb0068c66b49_INVOICE_main_BD3847636213.js,1
bc7ed0714d53bf8e33469632b0b732d9_doc_dKi1dKmR6l8.js,1
Foto_7776.js,1
Resume_-_Shawn_Morse.js,1
0a811273675f5e6cb0b7dbcbdaae584e_My_resume_Clyde_Ellison.js,1
Delivery_Notification_000296571.doc.js,1
4ba28140989ddc86a7a8e8f3da02ff63_doc_Yf3bJWZoJEI.js,1
89c4df86b20d7aefe84b789322ac4a62_00000632398.doc.js,1
a2e11a167a055dc824a4695b04ccc8a5_img.js,1
4ea52016ee66eb35267a379fc2998e7c_invoice_3R9x1r.js,1
File_3911.js,1
8626b5613c4c1c6eb1405502158093d2_invoice_SCAN_4hSXF.js,1
f2ce75a44f1673cd5ae9d1f37f7e18b3_dokument_952.pdf.js,1
9c44a2364e1e46313b9229657511358b_invoice_pAcajO.js,1
E-ZPass_0000559859.doc.js,1
Label_00000963903.doc.js,1
00106064.doc.js,1
9d90ade2f9f73f5de077275d288872ec_invoice_scan_vilGzU.xls.js,1
6c37c94a69f3761c10b5ebef058666cf_fax0000513565.doc.js,1
Notice_to_Appear_0000922120.doc.js,1
50b9708235fb0ba4b590b5a95375b9b9_00000229561.doc.js,1
e379bd9f3bf63bacddd858f4a978688a_America_Airlines_Ticket_00000609561.doc.js,1
E-ZPass_0000979669.doc.js,1
3b6cb7063885e94a210b1fcca8eff4ca_Court_Notification_0000511885.doc.js,1
FW:_Edwin_Burnett.js,1
000548589.doc.js,1
39752704ca42845af0b4e42cb1d86a01_resume.js,1
3333e65b452d425e216144acb0154007_fax00000816068.doc.js,1
80f71efdc2d3d62314465a7c29b3bb9a_My_resume_Bennett_Berger.js,1
2eaf4319a7fa009afb17ad99c96f64c8_invoice_copy_bWek1l.js,1
ecc608acbf0562f244b799aac49a5497_document_000665832.doc.js,1
00000573801.doc.js,1
38167e1b4bac665801255769a55afacf_Gewebestruktur_507.pdf.js,1
40b11546f656a82ea5950d3ac00be595_scanned_000522985.doc.js,1
134aadfa38c4d8601d50ecc825cc2de1_task_000688545.doc.js,1
43f0b486339e78c39c5ef940246a83ca_resume_1173442506.js,1
bce7023bdcf23ed8d5254ce3367e23d5_statement.js,1
a5f133f7bca70241543e45c9451b2cf9_img.js,1
Joshua_Powell.js,1
FedEx_ID_00000236156.doc.js,1
434750abe25acffa9ace429a55738940_fax.000683796.doc.js,1
IMG_3045.js,1
dc29cb9627e92fff21d794cdbff918df_invoice_G7P9Xx.js,1
7ab8367a8e7711105919c23bbb235f58_invoice_SCAN_WMHgF.js,1
ad17f6d5299258e3b0043e6c3c9eb5f9_scanned-00309989.doc.js,1
Reservation_IMG_7898.js,1
4abfe22a2e880a9c991f871dab852e66_Conto_30006046.pdf.js,1
6c288ffe7c54c46fe1473bbbaa1e9f7b_img_SCAN_6FFcG.js,1
File_3417.js,1
GEHRIG__Postal_Notification__0000266675.doc.js,1
4e8d66b307c26969d03bd8fa3e9824a7_invoice_copy_KOsz7D.js,1
000342362.doc.js,1
c16448271c2252f6d83933ec09cc9d0c_00867542.doc.js,1
Foto_9430.js,1
Lyle_Travis.js,1
Foto_7422.js,1
afc1254ad3aabdfe631aab5d315bdc0c_info_vJt45s8aiaU.js,1
Notice_to_Appear_00000367101.doc.js,1
252b51fa5f69b579b5940b145c58c44c_invoice_scan_j1URXl.docx.js,1
0c709fb8eff6b0db2643e998c94a0ef7_photo.js,1
Label_0000801474.doc.js,1
42cbed5861c4bdd874e8d26b70cdf76b_doc_EcKWggnQQp1.js,1
c665eb994f4a0d929749fd1307f38d17_img.js,1
e5194886430ab8ef45c7922993b23bbc_scanned-00714557.doc.js,1
012774fb2250cecaa5c7744e7ee089dc_scanned-000466651.doc.js,1
Isiah_Hess_-_My_resume.js,1
5511c1350f5de65dbfdccdc17dfe3e38_Court_Notification_000834755.doc.js,1
f3f2d9e6f53520f3020d54c2a6706889_doc_KT8BwmtUTli.js,1
FedEx_0000694940.doc.js,1
E-ZPass_000255667.doc.js,1
74362d33eb5f6d4f42f82b597bd9ddfb_fax-00000433103.doc.js,1
E-ZPass_00771336.doc.js,1
7475d1df58a7362ca725577192345b7f_task-000904338.doc.js,1
f89e386977f2a10c709d925c673b823c_invoice_cc0mlo.js,1
26b1bb362b487a80ba81eec350feb975_invoice_copy_KWzaWf0Jlpn.js,1
d9b1e5eaeb21f120f28e2b776a33ee9a_0000792183.doc.js,1
8e36816f81ac602a7485d37261aa9ebc_doc_LuWM7AUoyNf.js,1
5e7e3c49f565086004dce7ebf407d6da_scanned0000185336.doc.js,1
My_Resume.js,1
image_1657.js,1
f96a37a0fc5de361af5a64515f21c481_doc.js,1
981ca9ea5e54f34f426c17aeee412277_info_fq64tPIv4lF.js,1
c4136a9f1975dcb619af6f729ca16d1a_img_sc8o6F.js,1
056989c50fbe7e452275a93c3bf011e0_Pablo_Brock.js,1
c505b9190014677e08eec0f016208c8d_Notice_to_Appear_00000255820.doc.js,1
5e3c8af9ce636a545d6d62c52245b5b7_doc_bJlkwd17QnK.js,1
Bruce_Morton_-_documents.js,1
Photo_5838.js,1
47b8e4c568ccc282a6e743ef4b8c0f54_Sebastian_Compton.js,1
4cc99c3a387b55e57a8eec0171b5b6eb_scan_0000999369.doc.js,1
006f87ed49e91eaffc3971d0f45f1282_task00000720261.doc.js,1
3a9c2f808718a0caca227c6ace3fc7b9_doc_DZBvmZYItyW.js,1
38c0894234388dc7a7373a4453e0fa94_000695378.doc.js,1
0000385560.doc.js,1
IMG_8405.js,1
cf322eee2133d3ea2bff056487f96589_resume_0561792011.js,1
1e20314992ffac4916629a086e78841b_src_resume.js,1
a3f5ac38921ff4c2c3e857a20d99957d_info.js,1
File_0823.js,1
NADINE__Postal_Status__0000652166.doc.js,1
Label_000883331.doc.js,1
Foto_6967.js,1
16aa576fa15d274b58b2b023caa556b1_Resume_Eliseo_Hughes.js,1
6ead2e6e5a7f878be1a0ddb2cf4b61f0_document.0000748287.doc.js,1
0000177235.doc.js,1
Payment_Confirmation_#358948.js,1
a6efcd55ecc9e2a7e03b8e654d11c1b0_invoice_scan_wvsp53.js,1
photo_8043.js,1
4adcc5ecc41114f69642b186b47d7118_invoice_VM2437.js,1
19ba7d1a7be38404208fcbd995692f35_info_KW9Fo5GKg9z.js,1
590452c82c03ca4c725596cdf436d0b0_IT495583948394.js,1
Lewis_Kim.js,1
a36d5bfb4e1fe4582610f8e7df64121d_doc_SQ10Fn6SRM3.js,1
a7b9a1a36e1abbd069fc71c5a0b9ce57_info_dsGXKpNZbAT.js,1
Notice_to_Appear_0000461549.doc.js,1
Rechnung.zip_Rechnung.pdf.js,1
59c5052b5b38691d6b72c60459a2160c_doc_SSC6MWI1EMT.js,1
146077b3af664c9db29679fc4af3986b_Court_Notification_00445891.doc.js,1
37827451b28212bafb4deebadf7e727a_img_BNf5L0.js,1
0000296793.doc.js,1
64f8a27a44e4202076ef8d6314999ee6_info_PXGLD1P8Str.js,1
45caa955092492c4b6057a407ffe6b2d_scan-000995301.doc.js,1
000714113.zip^000714113.doc.js,1
eae6790afbd2f2356d48b5be64bbb791_resume.js,1
b673b51b24ae0961978152faf2176e54_Delivery_Notification_0000383239.doc.js,1
e2ba2fd1b60558ad63615b1be6854c37_invoice_copy_RN9d1pvMiXX.js,1
f7a45419dbd166c29747efd8f184301c_Notice_to_Appear_0000632325.doc.js,1
Notice_to_Appear_00000929398.doc.js,1
shoot_5817.js,1
7326c9cf4de232c8be684fa98fd63f4e_scanned_00875571.doc.js,1
66817e3a5add68581cf0258c8a2fdf81_invoice_scan_N7YEJb.js,1
d6fa6cc2a1ed666caa11bd0151218d44_doc_oNclhFavq3q.js,1
Court_Notification_000619528.doc.js,1
16a57b1149fa302bf54e8039ac463e17_src_resume.js,1
IMG_9455.js,1
87e78813c06142f5d93bd40c97372f96_invoice_TPpVCB.js,1
264f7ec54e406291536a4c7c5129668d_scan-0000130289.doc.js,1
f5c3d18ebe9c81f098d4b8ce7c7dec54_invoice_scan_H8oKRg.js,1
0aa2129d4c34230c758edb2371c55435_part1.js,1
cfc6b85b8c5057aba491ee904161b7a4_Tax_Refund_00204251_Processed.doc.js,1
c80ec1bb253789953b5c4c9873e37b53_00000668098.doc.js,1
1b53458c5cdbf089a85a73a7d00fbe23_FedEx_ID_00000589714.doc.js,1
My_Resume_-_Junior_Harding.js,1
25d70b4d7b8a1760bb0e92a4e9b58d42_scanned_0000757512.doc.js,1
16271273fff02b529080844af5ea08ba_000796447.doc.js,1
E-ZPass_00000313390.doc.js,1
FedEx_00000184599.doc.js,1
3f2b53054001016a28d63d155c5e16c4_document_00000354435.doc.js,1
21286ad1cdb6ee7759ec78967880c6c6_invoice_copy_ONPAUemb5VM.js,1
b140835f67ec919bc2568b1f9518d78c_img_vgZpLe.js,1
photo_1433.js,1
091693513935608a1c3d47fb070ecee3_invoice_6Yrnxk.js,1
56f5d5ff330740e3624621cb1d0bb3a1_doc_X9I8k7JrimG.js,1
ebedf60a71e1e6a6899484307623f013_invoice_L92K9K.js,1
ea8482f3d89132928ff2d754d6f1243b_doc_KH7U42GpGYF.js,1
fbd586d09abc11460f0c28ae62538f76_img_ZL8MKf.js,1
FedEx_ID_00608522.doc.js,1
1b3c34f10b1036f2bc92c664217c071f_doc_8CB57lPPcER.js,1
eca8241881f6adea2fcae04d6be3ff7f_img_copy_wkpOTQ.js,1
E-ZPass_Invoice_0000855356.doc.js,1
35028dab002600b6135bb61d67b90746_E-ZPass_000183674.doc.js,1
Notice_to_Appear_0000420260.doc.js,1
1059c44d9651f51761bcb56641dd94cd_Fattura_09547.pdf.js,1
b974110b6de607a991c10adb7ea78a0a_invoice_copy_RtVXY4iDwX2.js,1
8c2c6e1c8f8cc931e2d32694bf6cbfdc_doc_RfXik8XV8L5.js,1
c69ebfc9894a86e3ec0d3b3201e0146c_Mohammad_Cordova.js,1
Court_Notification_0000334020.doc.js,1
img_6183.js,1
fd87ea4f270fb6c25711b6adfd031342_doc.js,1
b95fa1f4275dbe799177ea2f2a68db7e_info_qP3xsBXESfL.js,1
77eafc30299ef982322b86fdea20857d_Victor_Haynes.js,1
Notice_to_Appear_0000398660.doc.js,1
bdf745980c093b6fc42f00ba3cacc57d_doc_bYs3Es2nDAO.js,1
7ef5fcf12067e5802c8844eb7829a7ae_000955050.doc.js,1
de3043221ad10752ec6f73014bcbe6f4_img.js,1
f37d32809ba53d99a01a1dffe33a8752_Resume_Scottie_Daniel.js,1
Court_Notification_00582269.doc.js,1
example_browser.js,1
example.js,1
Function[22].js,1
Function[20].js,1
tr_malware_20171004_pdf.js,1
malware_20171004_pdf.js,1
pdf.js,1
eval2.js,1
eval1.js,1
Function[16].js,1
Function[17].js,1
Function[15].js,1
Function[14].js,1
Function[20].js,1
tr_malware_20171004_pdf.js,1
malware_20171004_pdf.js,1
eval2.js,1
eval1.js,1
Function[16].js,1
Function[17].js,1
Function[15].js,1
Function[14].js,1
86943c7e77aac9a3db09def4cdd038f7707fde04d8af59245463dceef5cccc51.js,1
fatura.js,1
cb7fc381f6f7600ca0060764ae117482cae3a0fa02db4467604a55c57d069124.js,1
416e32e1b22ecb8f360ff841b87d77ac9450fda24458ce4e70abb35ff4d242a3.js,1
dbf6e041cf2431018b977f734db844a2d731dd25cc3debabbfcfa8c529ce2a77.js,1
ac5705ba4eeb9295b162073cdccf64b9a0a14fd3bf933694e083aab2e65820e9.js,1
DOC2460139368-PDF.js,1
796423.js,1
796423.2ndstage.js,1
459867.js,1
459867_2ndstage.js,1
8d1c45e37b97fcd061f52a5d7ab73476ab80520df58514eb7e091852d2d43b04.js,1
7b7bd1e2bd63f233004045f8d3c743af41e0107765b703841b620253243a0732.js,1
ddf5e00b01f5841f9ef582e4a9122f549438039ee100088b244c0fa5402a0f5f.js,1
7396e78d2ae93b29df342f7bdb67ef4f0b6860fb83ce4b14cc3e23613d636407.js,1
b49b7768b6afada37e9084918e1151a314c29be1728988bcbbc676936f1e7948.js,1
353cfa4952a0199b538c6c389d15816430b422959e60b1becfb87463728eb550.js,1
1.js,1
5cf27448bf9355692a0448f41f65da625e876e91c66cf6f0a7f7127aed08087b.js,1
7698627e91bd2db3853b9604b710df43deadea9883ae97468a53d20a9601f2d1.js,1
sample.js,1
3c1ab04d15fdc84afbf819df546359c8df9a8c303c67c90ce28a4417d9039393.js,1
sample_nocatch.js,1
sample_stage1.js,1
sample.js,1
140da02684fd276b6c989317c8ba13f066373dc2623153776da5b8a3e4c7a59f.js,1
cfb2d04891156bffb08ad15188f9dbbd9e7379b0a571fd50128116904873e238.js,1
a6dfd6b83d46702c0b408bd5f669e08c785cd12fdd515fe469595e2a3d44ddc4.js,1
f51943c5860e548138991b991abecaa175353c80ab3ea91b3d1fbb5a4feb42f4.js,1
decd71ae3b5e683f0c3d057ac0576cbd624ca10734e1984f15cb77fcd23c4a37.js,1
RLbPRgWrsX.js,1
  .2019-0807.docx.js,1
  .2019-0807.docx.orig.js,1
angler.js,1
index.js,1
170413.js,1
malware.js,1
malware2.js,1
a35738f52720eb875932e65a3831611e6ba7447d40ab90476dff88833243d892.js,1
97d87081f0b8e890df0a1c8ae85332b673329d3f2a74f00f7be3b6cb8ce1fe2c.js,1
18953b45756b4da58948cdc9dc3b4c5af333c4cadd6890bce5bc0fe1395ad63b.js,1
c0a73d4e21e60a370bbaa476f532a02df17e99e5be3389ff550d28c105d518cd.js,1
d0ee77a75a89b7a5ad7cc998526297208454de56f8a403d609d71c7f9ef10f80.js,1
b84e2ced6c7628264e75d2fc5615b3b4a23c18df494618da347d2eebc90ecd80.js,1
913edfa193769a34805c4b8fcdf8737bce7dc5326e6201217ce61bebc85135e6.js,1
ca0daa0a2305e3576e2c74c8ad98d115a90642e14377508afaee2096b58bb0ab.js,1
84d73512b431365e1650998199fa7673b6fbd290935fcb7a1fbf071359c1ab46.js,1
06e9b62cfa79e8d6cbf2d650dd623c041822eff24e171867c0bf49a4b17d66b2.js,1
2b2c85e2de6dbd4e1ff02d12018c871984387f6c428a1b515624a1a6b4c5ea00.js,1
961e7da15919c2d4744bbe161f1db0daa99127e9311c0cfa4c217b7ffa0f33fe.js,1
01e4c87434e28a8838cfaf16b121e474512ca176efdcb0bba577fbbb2ddfc8c6.js,1
911bc50c3fcfbd0a1293f5de2b33001d588aa9df4b9a9542880cfca1eaba10cf.js,1
malware-20170504.js,1
malware.js,1
802577e503bd1880e57b3bd3d3ed047d90a0f0aa0dee89a04a90944fc1f74f27.js,1
_TMP__XipXkrLd.js,1
malware_20161013__TMP__XipXkrLd.js,1
tr_malware_20161013__TMP__XipXkrLd.js,1
24c314dcfdfbfe984e7ca9e83a96f0aea1ac37cf92eab609f8d4916e6cde299e.js,1
ece7520d2db75456ebd6f32b01fc79600bbbc2065dbc552bc6077eeaab346771.js,1
